Id,Prediction
1,12
2,39
3,0
4,4
5,33
6,36
7,12
8,39
9,0
10,0
11,4
12,16
13,32
14,19
15,11
16,3
17,2
18,32
19,1
20,34
21,19
22,1
23,34
24,16
25,8
26,10
27,31
28,6
29,5
30,8
31,36
32,31
33,28
34,22
35,8
36,23
37,27
38,36
39,26
40,0
41,27
42,31
43,6
44,5
45,39
46,2
47,32
48,13
49,31
50,19
51,7
52,27
53,30
54,19
55,10
56,30
57,19
58,5
59,3
60,16
61,17
62,31
63,4
64,1
65,36
66,28
67,8
68,27
69,13
70,14
71,31
72,14
73,3
74,4
75,15
76,4
77,21
78,37
79,4
80,38
81,12
82,5
83,12
84,31
85,5
86,22
87,17
88,28
89,27
90,32
91,18
92,38
93,15
94,6
95,16
96,12
97,6
98,18
99,6
100,1
101,39
102,35
103,35
104,26
105,0
106,35
107,7
108,22
109,24
110,10
111,2
112,2
113,17
114,24
115,28
116,36
117,34
118,34
119,26
120,16
121,20
122,4
123,5
124,39
125,39
126,14
127,15
128,7
129,36
130,32
131,14
132,34
133,21
134,34
135,25
136,9
137,6
138,36
139,39
140,16
141,20
142,14
143,31
144,23
145,13
146,32
147,28
148,21
149,20
150,22
151,3
152,5
153,6
154,23
155,14
156,17
157,26
158,0
159,28
160,36
161,0
162,33
163,24
164,35
165,15
166,12
167,36
168,24
169,3
170,14
171,11
172,5
173,22
174,11
175,24
176,6
177,24
178,39
179,23
180,5
181,27
182,36
183,10
184,14
185,18
186,36
187,10
188,0
189,14
190,20
191,3
192,1
193,2
194,10
195,30
196,38
197,7
198,1
199,10
200,17
201,26
202,8
203,12
204,31
205,29
206,18
207,38
208,16
209,9
210,23
211,26
212,23
213,9
214,18
215,18
216,36
217,21
218,15
219,12
220,4
221,11
222,39
223,16
224,2
225,15
226,19
227,12
228,32
229,0
230,9
231,20
232,15
233,0
234,22
235,30
236,17
237,4
238,10
239,28
240,31
241,12
242,36
243,15
244,3
245,1
246,13
247,38
248,17
249,25
250,1
251,39
252,3
253,5
254,27
255,31
256,8
257,20
258,18
259,32
260,30
261,39
262,18
263,39
264,0
265,15
266,5
267,18
268,37
269,8
270,13
271,14
272,33
273,17
274,34
275,23
276,22
277,20
278,10
279,19
280,22
281,21
282,13
283,23
284,6
285,35
286,1
287,38
288,11
289,0
290,5
291,13
292,16
293,28
294,19
295,17
296,23
297,10
298,29
299,14
300,32
301,28
302,38
303,9
304,17
305,33
306,23
307,33
308,26
309,2
310,27
311,12
312,33
313,13
314,13
315,12
316,35
317,9
318,16
319,18
320,8
321,33
322,34
323,31
324,0
325,39
326,32
327,6
328,17
329,22
330,37
331,24
332,36
333,25
334,18
335,11
336,13
337,36
338,27
339,15
340,7
341,17
342,23
343,4
344,14
345,6
346,21
347,20
348,5
349,30
350,27
351,32
352,0
353,30
354,16
355,3
356,11
357,0
358,39
359,16
360,39
361,30
362,26
363,27
364,15
365,11
366,7
367,19
368,8
369,14
370,3
371,27
372,9
373,22
374,15
375,24
376,22
377,29
378,0
379,21
380,20
381,25
382,35
383,22
384,25
385,34
386,23
387,1
388,19
389,13
390,23
391,16
392,20
393,37
394,15
395,1
396,4
397,25
398,26
399,29
400,10
401,8
402,29
403,39
404,18
405,1
406,30
407,28
408,33
409,5
410,11
411,27
412,5
413,32
414,4
415,3
416,18
417,31
418,39
419,16
420,0
421,1
422,35
423,10
424,31
425,3
426,12
427,19
428,7
429,23
430,14
431,34
432,32
433,35
434,4
435,9
436,19
437,20
438,19
439,34
440,17
441,1
442,16
443,9
444,5
445,28
446,16
447,39
448,10
449,9
450,8
451,29
452,15
453,13
454,31
455,21
456,7
457,14
458,12
459,38
460,3
461,14
462,22
463,34
464,1
465,6
466,22
467,0
468,27
469,18
470,13
471,18
472,2
473,7
474,0
475,38
476,2
477,12
478,17
479,26
480,16
481,32
482,2
483,32
484,0
485,17
486,29
487,37
488,35
489,16
490,10
491,35
492,39
493,11
494,3
495,16
496,27
497,10
498,19
499,11
500,25
501,9
502,31
503,26
504,19
505,28
506,5
507,17
508,31
509,23
510,39
511,25
512,2
513,35
514,27
515,5
516,7
517,13
518,19
519,36
520,6
521,14
522,15
523,26
524,19
525,2
526,28
527,0
528,33
529,0
530,25
531,33
532,19
533,34
534,24
535,10
536,32
537,1
538,16
539,28
540,14
541,27
542,38
543,33
544,39
545,30
546,7
547,39
548,7
549,12
550,17
551,20
552,25
553,10
554,19
555,30
556,3
557,5
558,1
559,39
560,1
561,39
562,14
563,17
564,28
565,7
566,32
567,1
568,21
569,35
570,32
571,15
572,4
573,10
574,24
575,1
576,33
577,9
578,1
579,32
580,2
581,5
582,34
583,10
584,30
585,32
586,31
587,14
588,31
589,37
590,16
591,20
592,28
593,23
594,13
595,9
596,34
597,8
598,16
599,18
600,3
601,13
602,26
603,3
604,39
605,3
606,4
607,27
608,20
609,37
610,11
611,23
612,13
613,31
614,11
615,36
616,27
617,23
618,39
619,32
620,38
621,37
622,14
623,38
624,25
625,9
626,1
627,2
628,8
629,6
630,22
631,2
632,31
633,17
634,30
635,0
636,14
637,12
638,5
639,29
640,38
641,32
642,5
643,21
644,39
645,25
646,0
647,19
648,9
649,24
650,19
651,11
652,36
653,27
654,22
655,14
656,23
657,4
658,19
659,16
660,8
661,34
662,33
663,16
664,0
665,7
666,8
667,23
668,9
669,18
670,6
671,23
672,29
673,18
674,25
675,2
676,4
677,11
678,39
679,36
680,4
681,20
682,26
683,26
684,29
685,33
686,8
687,38
688,36
689,11
690,37
691,12
692,27
693,11
694,10
695,0
696,29
697,7
698,16
699,13
700,36
701,38
702,1
703,34
704,13
705,3
706,20
707,24
708,33
709,9
710,31
711,3
712,14
713,32
714,10
715,9
716,24
717,2
718,37
719,7
720,34
721,17
722,13
723,39
724,23
725,7
726,23
727,21
728,8
729,20
730,15
731,39
732,32
733,24
734,23
735,8
736,27
737,0
738,20
739,22
740,12
741,25
742,29
743,1
744,5
745,2
746,36
747,28
748,2
749,4
750,32
751,32
752,7
753,21
754,5
755,37
756,17
757,13
758,13
759,39
760,26
761,2
762,10
763,39
764,18
765,24
766,10
767,37
768,18
769,14
770,31
771,31
772,17
773,34
774,12
775,2
776,13
777,0
778,14
779,12
780,18
781,21
782,33
783,12
784,25
785,19
786,37
787,26
788,4
789,3
790,24
791,11
792,22
793,10
794,37
795,31
796,22
797,23
798,16
799,14
800,8
801,3
802,24
803,15
804,10
805,22
806,5
807,25
808,31
809,14
810,7
811,20
812,25
813,21
814,36
815,29
816,19
817,14
818,34
819,11
820,29
821,1
822,23
823,2
824,34
825,37
826,17
827,24
828,23
829,19
830,38
831,17
832,23
833,37
834,26
835,24
836,9
837,5
838,3
839,1
840,10
841,1
842,20
843,15
844,35
845,33
846,39
847,37
848,18
849,34
850,15
851,3
852,24
853,21
854,11
855,35
856,6
857,4
858,33
859,22
860,23
861,27
862,6
863,21
864,7
865,35
866,37
867,24
868,2
869,17
870,0
871,10
872,1
873,7
874,4
875,39
876,38
877,38
878,17
879,1
880,39
881,3
882,5
883,37
884,17
885,32
886,37
887,23
888,16
889,37
890,32
891,9
892,10
893,9
894,18
895,15
896,34
897,20
898,31
899,5
900,15
901,30
902,10
903,24
904,30
905,17
906,26
907,9
908,13
909,3
910,16
911,11
912,0
913,17
914,13
915,15
916,14
917,19
918,6
919,31
920,12
921,21
922,16
923,6
924,6
925,31
926,25
927,34
928,25
929,19
930,29
931,6
932,36
933,23
934,32
935,28
936,8
937,15
938,28
939,0
940,28
941,17
942,16
943,17
944,15
945,24
946,19
947,22
948,27
949,34
950,1
951,34
952,24
953,24
954,8
955,8
956,33
957,6
958,37
959,25
960,23
961,9
962,31
963,12
964,34
965,21
966,3
967,34
968,15
969,10
970,10
971,2
972,39
973,20
974,2
975,29
976,18
977,32
978,9
979,20
980,1
981,3
982,20
983,9
984,22
985,17
986,24
987,6
988,19
989,27
990,33
991,9
992,23
993,16
994,32
995,2
996,17
997,16
998,30
999,23
1000,21
1001,10
1002,19
1003,10
1004,23
1005,7
1006,12
1007,0
1008,30
1009,18
1010,4
1011,37
1012,23
1013,39
1014,15
1015,3
1016,26
1017,17
1018,20
1019,27
1020,20
1021,36
1022,6
1023,23
1024,24
1025,22
1026,33
1027,28
1028,12
1029,31
1030,39
1031,12
1032,37
1033,21
1034,28
1035,33
1036,3
1037,22
1038,28
1039,15
1040,9
1041,25
1042,2
1043,9
1044,7
1045,3
1046,35
1047,36
1048,2
1049,8
1050,8
1051,4
1052,14
1053,28
1054,28
1055,16
1056,12
1057,14
1058,14
1059,11
1060,0
1061,25
1062,28
1063,39
1064,22
1065,0
1066,7
1067,20
1068,26
1069,11
1070,11
1071,34
1072,35
1073,7
1074,2
1075,3
1076,4
1077,26
1078,19
1079,29
1080,30
1081,7
1082,23
1083,21
1084,24
1085,2
1086,5
1087,14
1088,11
1089,30
1090,29
1091,9
1092,6
1093,31
1094,20
1095,25
1096,36
1097,18
1098,10
1099,11
1100,14
1101,11
1102,20
1103,38
1104,31
1105,36
1106,33
1107,22
1108,24
1109,27
1110,39
1111,10
1112,24
1113,39
1114,39
1115,27
1116,0
1117,0
1118,14
1119,32
1120,0
1121,35
1122,27
1123,22
1124,30
1125,21
1126,24
1127,9
1128,19
1129,33
1130,15
1131,12
1132,1
1133,18
1134,27
1135,9
1136,1
1137,25
1138,18
1139,12
1140,38
1141,12
1142,38
1143,30
1144,25
1145,13
1146,21
1147,16
1148,32
1149,1
1150,1
1151,34
1152,2
1153,5
1154,33
1155,2
1156,26
1157,19
1158,19
1159,32
1160,28
1161,26
1162,10
1163,17
1164,6
1165,1
1166,14
1167,0
1168,39
1169,4
1170,9
1171,22
1172,1
1173,14
1174,26
1175,12
1176,10
1177,23
1178,1
1179,22
1180,15
1181,33
1182,25
1183,9
1184,23
1185,21
1186,16
1187,37
1188,1
1189,17
1190,20
1191,18
1192,30
1193,3
1194,37
1195,5
1196,32
1197,35
1198,28
1199,28
1200,38
1201,8
1202,23
1203,16
1204,13
1205,6
1206,22
1207,17
1208,16
1209,12
1210,33
1211,12
1212,19
1213,19
1214,2
1215,12
1216,25
1217,25
1218,32
1219,21
1220,8
1221,6
1222,29
1223,26
1224,3
1225,23
1226,4
1227,32
1228,39
1229,10
1230,6
1231,29
1232,38
1233,15
1234,0
1235,10
1236,27
1237,3
1238,33
1239,39
1240,30
1241,4
1242,28
1243,33
1244,27
1245,25
1246,29
1247,10
1248,11
1249,22
1250,15
1251,17
1252,9
1253,3
1254,0
1255,32
1256,24
1257,22
1258,15
1259,30
1260,11
1261,6
1262,29
1263,33
1264,39
1265,2
1266,39
1267,25
1268,10
1269,6
1270,16
1271,24
1272,24
1273,9
1274,22
1275,15
1276,12
1277,15
1278,22
1279,4
1280,29
1281,12
1282,22
1283,28
1284,2
1285,30
1286,3
1287,32
1288,20
1289,39
1290,32
1291,6
1292,34
1293,29
1294,31
1295,24
1296,16
1297,9
1298,14
1299,22
1300,34
1301,34
1302,29
1303,2
1304,22
1305,13
1306,0
1307,33
1308,31
1309,12
1310,23
1311,1
1312,18
1313,2
1314,8
1315,2
1316,10
1317,10
1318,33
1319,32
1320,33
1321,21
1322,13
1323,27
1324,16
1325,7
1326,23
1327,5
1328,10
1329,2
1330,12
1331,26
1332,28
1333,2
1334,24
1335,6
1336,34
1337,38
1338,37
1339,6
1340,26
1341,5
1342,20
1343,29
1344,34
1345,31
1346,12
1347,33
1348,12
1349,32
1350,15
1351,18
1352,17
1353,21
1354,2
1355,20
1356,30
1357,0
1358,30
1359,8
1360,12
1361,35
1362,35
1363,5
1364,13
1365,37
1366,18
1367,4
1368,19
1369,0
1370,15
1371,16
1372,31
1373,2
1374,33
1375,24
1376,6
1377,31
1378,28
1379,18
1380,0
1381,19
1382,8
1383,6
1384,38
1385,36
1386,35
1387,8
1388,31
1389,4
1390,8
1391,7
1392,38
1393,0
1394,2
1395,24
1396,31
1397,4
1398,27
1399,6
1400,23
1401,37
1402,36
1403,30
1404,3
1405,28
1406,2
1407,23
1408,4
1409,21
1410,22
1411,14
1412,4
1413,15
1414,35
1415,19
1416,34
1417,12
1418,19
1419,1
1420,23
1421,8
1422,15
1423,6
1424,23
1425,24
1426,9
1427,33
1428,6
1429,32
1430,3
1431,34
1432,21
1433,17
1434,11
1435,37
1436,34
1437,18
1438,36
1439,27
1440,17
1441,7
1442,24
1443,27
1444,9
1445,28
1446,15
1447,13
1448,32
1449,34
1450,3
1451,7
1452,19
1453,37
1454,38
1455,17
1456,23
1457,34
1458,6
1459,30
1460,38
1461,38
1462,15
1463,30
1464,33
1465,18
1466,33
1467,0
1468,27
1469,12
1470,37
1471,30
1472,36
1473,31
1474,15
1475,5
1476,18
1477,37
1478,38
1479,15
1480,29
1481,23
1482,16
1483,33
1484,21
1485,33
1486,25
1487,31
1488,25
1489,23
1490,5
1491,30
1492,21
1493,16
1494,8
1495,3
1496,5
1497,19
1498,27
1499,35
1500,24
1501,13
1502,17
1503,16
1504,29
1505,27
1506,16
1507,38
1508,11
1509,30
1510,9
1511,15
1512,8
1513,30
1514,2
1515,28
1516,7
1517,9
1518,16
1519,4
1520,1
1521,3
1522,16
1523,16
1524,24
1525,4
1526,28
1527,14
1528,0
1529,3
1530,27
1531,31
1532,23
1533,23
1534,8
1535,20
1536,29
1537,8
1538,11
1539,17
1540,34
1541,25
1542,28
1543,18
1544,39
1545,2
1546,5
1547,27
1548,30
1549,20
1550,0
1551,16
1552,32
1553,10
1554,2
1555,28
1556,1
1557,36
1558,37
1559,26
1560,0
1561,32
1562,39
1563,19
1564,0
1565,24
1566,22
1567,17
1568,23
1569,16
1570,20
1571,8
1572,4
1573,7
1574,13
1575,4
1576,28
1577,19
1578,24
1579,31
1580,18
1581,20
1582,35
1583,31
1584,33
1585,35
1586,7
1587,25
1588,8
1589,7
1590,28
1591,5
1592,23
1593,25
1594,32
1595,18
1596,28
1597,33
1598,16
1599,14
1600,2
1601,13
1602,25
1603,14
1604,7
1605,32
1606,2
1607,9
1608,5
1609,32
1610,24
1611,26
1612,12
1613,9
1614,23
1615,28
1616,17
1617,5
1618,12
1619,16
1620,33
1621,18
1622,37
1623,26
1624,1
1625,15
1626,23
1627,23
1628,17
1629,8
1630,9
1631,19
1632,8
1633,27
1634,32
1635,19
1636,28
1637,38
1638,29
1639,28
1640,13
1641,26
1642,32
1643,21
1644,3
1645,12
1646,33
1647,1
1648,18
1649,12
1650,0
1651,32
1652,38
1653,30
1654,14
1655,35
1656,39
1657,21
1658,36
1659,14
1660,23
1661,12
1662,38
1663,3
1664,19
1665,21
1666,1
1667,2
1668,23
1669,18
1670,23
1671,32
1672,18
1673,7
1674,23
1675,27
1676,37
1677,19
1678,5
1679,11
1680,8
1681,35
1682,22
1683,16
1684,31
1685,17
1686,19
1687,8
1688,38
1689,18
1690,34
1691,33
1692,23
1693,21
1694,22
1695,25
1696,8
1697,8
1698,20
1699,23
1700,31
1701,3
1702,9
1703,10
1704,13
1705,25
1706,33
1707,27
1708,12
1709,32
1710,35
1711,18
1712,23
1713,0
1714,30
1715,4
1716,36
1717,32
1718,21
1719,7
1720,22
1721,14
1722,8
1723,28
1724,13
1725,7
1726,9
1727,12
1728,17
1729,38
1730,38
1731,2
1732,28
1733,29
1734,24
1735,3
1736,26
1737,39
1738,10
1739,29
1740,1
1741,34
1742,31
1743,24
1744,2
1745,9
1746,4
1747,5
1748,5
1749,15
1750,12
1751,3
1752,16
1753,0
1754,35
1755,21
1756,23
1757,22
1758,6
1759,38
1760,25
1761,17
1762,11
1763,5
1764,27
1765,37
1766,1
1767,22
1768,33
1769,20
1770,26
1771,28
1772,38
1773,36
1774,23
1775,30
1776,24
1777,16
1778,32
1779,13
1780,34
1781,14
1782,2
1783,5
1784,31
1785,15
1786,25
1787,16
1788,10
1789,22
1790,13
1791,39
1792,17
1793,29
1794,37
1795,16
1796,30
1797,26
1798,39
1799,23
1800,29
1801,23
1802,5
1803,39
1804,1
1805,22
1806,2
1807,9
1808,14
1809,10
1810,29
1811,27
1812,23
1813,3
1814,35
1815,24
1816,29
1817,6
1818,20
1819,10
1820,34
1821,28
1822,22
1823,3
1824,8
1825,7
1826,39
1827,8
1828,7
1829,3
1830,9
1831,30
1832,20
1833,39
1834,31
1835,28
1836,31
1837,29
1838,12
1839,22
1840,10
1841,3
1842,24
1843,0
1844,5
1845,17
1846,9
1847,36
1848,16
1849,20
1850,31
1851,1
1852,11
1853,16
1854,4
1855,38
1856,23
1857,14
1858,16
1859,12
1860,19
1861,26
1862,6
1863,16
1864,1
1865,35
1866,35
1867,8
1868,33
1869,31
1870,31
1871,36
1872,1
1873,39
1874,21
1875,35
1876,0
1877,6
1878,9
1879,2
1880,29
1881,7
1882,35
1883,27
1884,19
1885,18
1886,12
1887,8
1888,32
1889,6
1890,16
1891,36
1892,39
1893,37
1894,25
1895,35
1896,3
1897,7
1898,23
1899,38
1900,22
1901,0
1902,11
1903,28
1904,28
1905,34
1906,25
1907,10
1908,1
1909,23
1910,22
1911,34
1912,37
1913,18
1914,14
1915,13
1916,14
1917,28
1918,28
1919,35
1920,35
1921,8
1922,28
1923,20
1924,29
1925,10
1926,29
1927,30
1928,0
1929,13
1930,15
1931,0
1932,27
1933,20
1934,35
1935,31
1936,28
1937,0
1938,27
1939,38
1940,21
1941,8
1942,37
1943,1
1944,32
1945,0
1946,19
1947,7
1948,10
1949,31
1950,13
1951,2
1952,20
1953,32
1954,31
1955,13
1956,25
1957,11
1958,21
1959,21
1960,31
1961,14
1962,31
1963,15
1964,17
1965,17
1966,21
1967,30
1968,3
1969,36
1970,12
1971,34
1972,12
1973,26
1974,31
1975,23
1976,15
1977,18
1978,26
1979,33
1980,25
1981,29
1982,38
1983,36
1984,30
1985,38
1986,6
1987,37
1988,31
1989,32
1990,12
1991,22
1992,12
1993,13
1994,34
1995,26
1996,32
1997,17
1998,12
1999,37
2000,30
2001,6
2002,15
2003,29
2004,33
2005,35
2006,7
2007,15
2008,26
2009,27
2010,27
2011,1
2012,35
2013,39
2014,10
2015,25
2016,19
2017,37
2018,31
2019,37
2020,26
2021,0
2022,3
2023,32
2024,9
2025,15
2026,0
2027,31
2028,35
2029,24
2030,1
2031,3
2032,24
2033,18
2034,32
2035,35
2036,3
2037,6
2038,3
2039,23
2040,25
2041,12
2042,14
2043,33
2044,18
2045,15
2046,4
2047,3
2048,11
2049,38
2050,9
2051,7
2052,19
2053,15
2054,25
2055,29
2056,18
2057,31
2058,31
2059,7
2060,5
2061,33
2062,34
2063,27
2064,20
2065,32
2066,30
2067,3
2068,7
2069,12
2070,34
2071,5
2072,3
2073,38
2074,14
2075,4
2076,16
2077,8
2078,24
2079,15
2080,2
2081,21
2082,25
2083,17
2084,7
2085,31
2086,12
2087,3
2088,34
2089,23
2090,30
2091,32
2092,34
2093,28
2094,31
2095,1
2096,31
2097,37
2098,19
2099,19
2100,5
2101,3
2102,20
2103,15
2104,0
2105,2
2106,34
2107,29
2108,28
2109,18
2110,0
2111,5
2112,4
2113,1
2114,28
2115,34
2116,9
2117,3
2118,3
2119,31
2120,12
2121,4
2122,2
2123,32
2124,32
2125,12
2126,5
2127,3
2128,27
2129,5
2130,20
2131,4
2132,3
2133,20
2134,24
2135,25
2136,2
2137,16
2138,3
2139,32
2140,7
2141,8
2142,10
2143,6
2144,28
2145,32
2146,31
2147,33
2148,27
2149,11
2150,16
2151,30
2152,27
2153,34
2154,12
2155,7
2156,36
2157,35
2158,12
2159,19
2160,17
2161,38
2162,0
2163,29
2164,38
2165,20
2166,1
2167,5
2168,27
2169,24
2170,24
2171,24
2172,36
2173,5
2174,11
2175,12
2176,5
2177,28
2178,19
2179,24
2180,6
2181,28
2182,9
2183,2
2184,3
2185,8
2186,3
2187,34
2188,34
2189,28
2190,1
2191,39
2192,1
2193,26
2194,39
2195,12
2196,23
2197,22
2198,9
2199,16
2200,27
2201,29
2202,38
2203,10
2204,17
2205,26
2206,9
2207,28
2208,9
2209,7
2210,27
2211,33
2212,39
2213,31
2214,23
2215,37
2216,35
2217,16
2218,0
2219,1
2220,38
2221,5
2222,15
2223,33
2224,6
2225,28
2226,26
2227,2
2228,17
2229,38
2230,32
2231,9
2232,13
2233,27
2234,2
2235,11
2236,30
2237,39
2238,39
2239,37
2240,6
2241,3
2242,33
2243,2
2244,11
2245,5
2246,30
2247,20
2248,12
2249,22
2250,12
2251,17
2252,20
2253,33
2254,33
2255,29
2256,7
2257,10
2258,28
2259,36
2260,23
2261,22
2262,14
2263,6
2264,2
2265,25
2266,8
2267,26
2268,18
2269,29
2270,33
2271,11
2272,21
2273,1
2274,28
2275,6
2276,28
2277,25
2278,17
2279,31
2280,17
2281,7
2282,0
2283,19
2284,17
2285,20
2286,5
2287,37
2288,6
2289,11
2290,3
2291,32
2292,22
2293,23
2294,27
2295,37
2296,2
2297,24
2298,22
2299,1
2300,34
2301,34
2302,7
2303,21
2304,1
2305,17
2306,20
2307,2
2308,38
2309,8
2310,14
2311,30
2312,10
2313,30
2314,20
2315,3
2316,19
2317,3
2318,33
2319,26
2320,38
2321,16
2322,17
2323,27
2324,31
2325,3
2326,25
2327,29
2328,32
2329,1
2330,33
2331,18
2332,11
2333,30
2334,14
2335,1
2336,38
2337,39
2338,39
2339,33
2340,8
2341,35
2342,37
2343,30
2344,18
2345,5
2346,32
2347,28
2348,2
2349,10
2350,10
2351,27
2352,32
2353,34
2354,33
2355,28
2356,5
2357,10
2358,10
2359,28
2360,23
2361,6
2362,5
2363,12
2364,6
2365,38
2366,16
2367,28
2368,16
2369,33
2370,19
2371,19
2372,39
2373,33
2374,32
2375,0
2376,5
2377,7
2378,16
2379,13
2380,31
2381,20
2382,34
2383,12
2384,0
2385,9
2386,17
2387,3
2388,30
2389,26
2390,32
2391,7
2392,19
2393,5
2394,20
2395,39
2396,3
2397,18
2398,31
2399,39
2400,16
2401,11
2402,18
2403,3
2404,14
2405,12
2406,31
2407,26
2408,23
2409,2
2410,28
2411,32
2412,5
2413,38
2414,18
2415,35
2416,25
2417,18
2418,33
2419,29
2420,22
2421,16
2422,12
2423,37
2424,4
2425,0
2426,21
2427,2
2428,7
2429,35
2430,4
2431,32
2432,16
2433,6
2434,36
2435,29
2436,21
2437,27
2438,29
2439,38
2440,37
2441,38
2442,38
2443,1
2444,3
2445,0
2446,27
2447,4
2448,1
2449,18
2450,32
2451,11
2452,17
2453,35
2454,35
2455,0
2456,37
2457,23
2458,31
2459,35
2460,12
2461,3
2462,6
2463,5
2464,4
2465,31
2466,31
2467,38
2468,21
2469,37
2470,13
2471,4
2472,5
2473,24
2474,28
2475,37
2476,39
2477,2
2478,33
2479,35
2480,19
2481,20
2482,23
2483,28
2484,2
2485,2
2486,6
2487,28
2488,28
2489,4
2490,20
2491,1
2492,15
2493,36
2494,33
2495,38
2496,20
2497,13
2498,29
2499,17
2500,5
2501,12
2502,39
2503,16
2504,9
2505,25
2506,9
2507,9
2508,4
2509,25
2510,0
2511,4
2512,5
2513,17
2514,8
2515,37
2516,35
2517,25
2518,14
2519,26
2520,21
2521,17
2522,13
2523,25
2524,5
2525,10
2526,1
2527,12
2528,16
2529,0
2530,35
2531,3
2532,17
2533,33
2534,21
2535,19
2536,15
2537,1
2538,24
2539,15
2540,2
2541,22
2542,32
2543,8
2544,34
2545,17
2546,39
2547,21
2548,16
2549,5
2550,14
2551,27
2552,16
2553,5
2554,23
2555,4
2556,32
2557,13
2558,39
2559,18
2560,22
2561,34
2562,15
2563,14
2564,17
2565,1
2566,1
2567,37
2568,29
2569,6
2570,25
2571,31
2572,38
2573,32
2574,22
2575,39
2576,2
2577,37
2578,9
2579,27
2580,31
2581,4
2582,33
2583,12
2584,4
2585,6
2586,28
2587,27
2588,31
2589,4
2590,14
2591,36
2592,30
2593,12
2594,11
2595,27
2596,34
2597,37
2598,8
2599,27
2600,21
2601,0
2602,13
2603,22
2604,38
2605,35
2606,14
2607,34
2608,0
2609,38
2610,2
2611,31
2612,11
2613,38
2614,3
2615,17
2616,31
2617,15
2618,13
2619,36
2620,31
2621,4
2622,24
2623,34
2624,12
2625,2
2626,30
2627,39
2628,30
2629,15
2630,1
2631,3
2632,0
2633,1
2634,35
2635,31
2636,2
2637,33
2638,19
2639,3
2640,12
2641,33
2642,37
2643,14
2644,39
2645,30
2646,10
2647,31
2648,2
2649,31
2650,9
2651,1
2652,5
2653,15
2654,10
2655,1
2656,34
2657,6
2658,31
2659,11
2660,22
2661,10
2662,11
2663,4
2664,23
2665,36
2666,15
2667,26
2668,18
2669,11
2670,35
2671,15
2672,32
2673,9
2674,32
2675,27
2676,12
2677,13
2678,31
2679,24
2680,36
2681,17
2682,0
2683,14
2684,20
2685,16
2686,36
2687,18
2688,14
2689,10
2690,22
2691,1
2692,10
2693,5
2694,15
2695,6
2696,11
2697,24
2698,34
2699,3
2700,4
2701,28
2702,19
2703,10
2704,19
2705,2
2706,26
2707,32
2708,1
2709,23
2710,6
2711,26
2712,5
2713,27
2714,16
2715,36
2716,33
2717,19
2718,19
2719,12
2720,36
2721,31
2722,9
2723,36
2724,9
2725,5
2726,13
2727,39
2728,39
2729,38
2730,24
2731,14
2732,2
2733,0
2734,21
2735,26
2736,27
2737,33
2738,16
2739,16
2740,14
2741,6
2742,16
2743,30
2744,31
2745,21
2746,1
2747,5
2748,9
2749,13
2750,20
2751,16
2752,24
2753,33
2754,2
2755,27
2756,21
2757,16
2758,18
2759,18
2760,28
2761,19
2762,29
2763,22
2764,26
2765,32
2766,3
2767,28
2768,10
2769,20
2770,39
2771,38
2772,2
2773,2
2774,12
2775,12
2776,16
2777,39
2778,33
2779,26
2780,30
2781,35
2782,37
2783,36
2784,30
2785,15
2786,24
2787,3
2788,35
2789,33
2790,25
2791,35
2792,9
2793,2
2794,4
2795,30
2796,27
2797,28
2798,23
2799,35
2800,39
2801,7
2802,22
2803,1
2804,38
2805,15
2806,28
2807,35
2808,8
2809,25
2810,15
2811,19
2812,5
2813,27
2814,23
2815,2
2816,23
2817,19
2818,32
2819,6
2820,17
2821,11
2822,3
2823,22
2824,34
2825,27
2826,13
2827,39
2828,20
2829,23
2830,0
2831,25
2832,20
2833,13
2834,22
2835,27
2836,19
2837,0
2838,32
2839,14
2840,14
2841,23
2842,23
2843,38
2844,28
2845,2
2846,37
2847,21
2848,13
2849,7
2850,11
2851,14
2852,5
2853,5
2854,7
2855,20
2856,36
2857,13
2858,23
2859,1
2860,3
2861,25
2862,16
2863,8
2864,39
2865,34
2866,0
2867,29
2868,28
2869,11
2870,1
2871,20
2872,17
2873,12
2874,20
2875,5
2876,27
2877,33
2878,14
2879,15
2880,17
2881,23
2882,33
2883,4
2884,11
2885,36
2886,29
2887,16
2888,38
2889,10
2890,16
2891,27
2892,6
2893,23
2894,22
2895,3
2896,7
2897,5
2898,5
2899,38
2900,11
2901,4
2902,37
2903,18
2904,15
2905,33
2906,22
2907,1
2908,37
2909,33
2910,30
2911,20
2912,39
2913,2
2914,8
2915,33
2916,21
2917,26
2918,18
2919,12
2920,30
2921,22
2922,24
2923,28
2924,32
2925,18
2926,23
2927,37
2928,7
2929,17
2930,21
2931,13
2932,28
2933,5
2934,0
2935,9
2936,25
2937,34
2938,1
2939,7
2940,20
2941,9
2942,27
2943,25
2944,33
2945,5
2946,4
2947,36
2948,36
2949,39
2950,2
2951,39
2952,18
2953,26
2954,31
2955,20
2956,26
2957,2
2958,33
2959,13
2960,3
2961,3
2962,23
2963,9
2964,31
2965,10
2966,13
2967,24
2968,27
2969,7
2970,22
2971,28
2972,3
2973,36
2974,2
2975,32
2976,39
2977,5
2978,31
2979,12
2980,23
2981,21
2982,10
2983,17
2984,5
2985,5
2986,0
2987,5
2988,4
2989,11
2990,32
2991,31
2992,21
2993,22
2994,17
2995,2
2996,37
2997,12
2998,5
2999,8
3000,30
3001,28
3002,31
3003,3
3004,18
3005,24
3006,28
3007,15
3008,3
3009,32
3010,20
3011,11
3012,27
3013,26
3014,24
3015,8
3016,19
3017,20
3018,7
3019,10
3020,37
3021,16
3022,3
3023,6
3024,32
3025,14
3026,26
3027,2
3028,8
3029,38
3030,14
3031,24
3032,0
3033,8
3034,14
3035,24
3036,14
3037,39
3038,17
3039,22
3040,23
3041,4
3042,20
3043,24
3044,38
3045,21
3046,35
3047,9
3048,0
3049,7
3050,19
3051,2
3052,3
3053,35
3054,22
3055,14
3056,36
3057,29
3058,32
3059,22
3060,36
3061,11
3062,25
3063,23
3064,27
3065,31
3066,38
3067,10
3068,30
3069,20
3070,6
3071,31
3072,23
3073,10
3074,22
3075,26
3076,37
3077,37
3078,6
3079,21
3080,0
3081,12
3082,10
3083,13
3084,27
3085,39
3086,37
3087,29
3088,18
3089,30
3090,36
3091,2
3092,37
3093,38
3094,17
3095,32
3096,22
3097,38
3098,1
3099,2
3100,27
3101,0
3102,3
3103,25
3104,3
3105,20
3106,28
3107,26
3108,23
3109,14
3110,12
3111,0
3112,11
3113,27
3114,1
3115,14
3116,36
3117,30
3118,18
3119,19
3120,15
3121,15
3122,12
3123,34
3124,25
3125,26
3126,4
3127,6
3128,38
3129,28
3130,2
3131,5
3132,21
3133,28
3134,10
3135,30
3136,12
3137,16
3138,1
3139,25
3140,38
3141,15
3142,9
3143,28
3144,21
3145,21
3146,19
3147,1
3148,1
3149,38
3150,9
3151,24
3152,22
3153,11
3154,15
3155,34
3156,20
3157,37
3158,35
3159,20
3160,10
3161,1
3162,7
3163,24
3164,2
3165,30
3166,3
3167,23
3168,15
3169,7
3170,13
3171,36
3172,16
3173,3
3174,25
3175,31
3176,31
3177,37
3178,21
3179,38
3180,33
3181,28
3182,0
3183,3
3184,19
3185,29
3186,14
3187,29
3188,35
3189,5
3190,23
3191,9
3192,15
3193,18
3194,19
3195,31
3196,28
3197,26
3198,5
3199,32
3200,9
3201,30
3202,18
3203,28
3204,32
3205,8
3206,33
3207,36
3208,27
3209,36
3210,9
3211,14
3212,37
3213,18
3214,36
3215,25
3216,16
3217,33
3218,35
3219,1
3220,20
3221,31
3222,32
3223,11
3224,1
3225,17
3226,28
3227,37
3228,35
3229,27
3230,4
3231,20
3232,30
3233,1
3234,9
3235,28
3236,24
3237,28
3238,36
3239,38
3240,10
3241,26
3242,11
3243,11
3244,2
3245,34
3246,15
3247,11
3248,9
3249,13
3250,23
3251,2
3252,11
3253,8
3254,35
3255,7
3256,24
3257,39
3258,16
3259,37
3260,32
3261,23
3262,11
3263,19
3264,16
3265,16
3266,25
3267,16
3268,1
3269,17
3270,39
3271,0
3272,1
3273,27
3274,14
3275,13
3276,19
3277,18
3278,1
3279,5
3280,12
3281,31
3282,37
3283,25
3284,34
3285,12
3286,6
3287,25
3288,22
3289,5
3290,1
3291,2
3292,1
3293,9
3294,12
3295,36
3296,21
3297,38
3298,13
3299,22
3300,17
3301,7
3302,24
3303,16
3304,31
3305,0
3306,0
3307,7
3308,20
3309,24
3310,23
3311,16
3312,9
3313,31
3314,6
3315,2
3316,15
3317,13
3318,20
3319,12
3320,8
3321,28
3322,9
3323,33
3324,6
3325,37
3326,27
3327,28
3328,12
3329,26
3330,22
3331,0
3332,21
3333,13
3334,15
3335,26
3336,10
3337,18
3338,13
3339,23
3340,33
3341,29
3342,39
3343,29
3344,15
3345,8
3346,27
3347,19
3348,9
3349,6
3350,33
3351,3
3352,27
3353,7
3354,39
3355,17
3356,37
3357,11
3358,25
3359,39
3360,28
3361,9
3362,36
3363,36
3364,15
3365,39
3366,4
3367,38
3368,39
3369,22
3370,36
3371,33
3372,26
3373,11
3374,14
3375,16
3376,11
3377,17
3378,38
3379,6
3380,37
3381,39
3382,29
3383,35
3384,15
3385,35
3386,15
3387,0
3388,20
3389,15
3390,22
3391,29
3392,11
3393,28
3394,39
3395,12
3396,29
3397,24
3398,26
3399,13
3400,4
3401,10
3402,29
3403,1
3404,28
3405,24
3406,5
3407,37
3408,38
3409,38
3410,31
3411,2
3412,21
3413,9
3414,29
3415,22
3416,28
3417,0
3418,21
3419,8
3420,27
3421,27
3422,32
3423,17
3424,36
3425,8
3426,21
3427,6
3428,36
3429,38
3430,31
3431,12
3432,29
3433,22
3434,1
3435,33
3436,19
3437,25
3438,0
3439,31
3440,12
3441,5
3442,23
3443,23
3444,32
3445,18
3446,19
3447,9
3448,21
3449,21
3450,7
3451,32
3452,6
3453,27
3454,34
3455,36
3456,16
3457,23
3458,23
3459,2
3460,8
3461,35
3462,10
3463,21
3464,20
3465,1
3466,9
3467,25
3468,39
3469,24
3470,31
3471,28
3472,27
3473,34
3474,28
3475,37
3476,30
3477,2
3478,19
3479,16
3480,17
3481,29
3482,2
3483,22
3484,12
3485,11
3486,24
3487,22
3488,31
3489,2
3490,18
3491,25
3492,22
3493,21
3494,12
3495,0
3496,23
3497,1
3498,11
3499,17
3500,33
3501,3
3502,3
3503,35
3504,9
3505,10
3506,27
3507,37
3508,16
3509,23
3510,6
3511,16
3512,22
3513,27
3514,1
3515,17
3516,20
3517,32
3518,2
3519,21
3520,11
3521,33
3522,29
3523,32
3524,13
3525,24
3526,16
3527,12
3528,11
3529,34
3530,19
3531,26
3532,38
3533,12
3534,8
3535,4
3536,20
3537,29
3538,19
3539,5
3540,2
3541,3
3542,17
3543,0
3544,12
3545,9
3546,14
3547,36
3548,23
3549,12
3550,2
3551,11
3552,7
3553,1
3554,38
3555,16
3556,10
3557,28
3558,1
3559,32
3560,32
3561,28
3562,0
3563,19
3564,17
3565,3
3566,3
3567,7
3568,35
3569,6
3570,27
3571,16
3572,23
3573,20
3574,12
3575,26
3576,14
3577,17
3578,9
3579,11
3580,30
3581,0
3582,32
3583,13
3584,24
3585,10
3586,28
3587,7
3588,10
3589,37
3590,28
3591,34
3592,29
3593,1
3594,5
3595,16
3596,3
3597,31
3598,30
3599,12
3600,0
3601,31
3602,13
3603,14
3604,34
3605,17
3606,15
3607,34
3608,30
3609,28
3610,26
3611,14
3612,31
3613,38
3614,12
3615,20
3616,17
3617,32
3618,6
3619,20
3620,3
3621,10
3622,35
3623,0
3624,27
3625,24
3626,4
3627,15
3628,33
3629,31
3630,2
3631,15
3632,5
3633,20
3634,25
3635,31
3636,27
3637,12
3638,0
3639,13
3640,25
3641,21
3642,17
3643,12
3644,30
3645,26
3646,28
3647,5
3648,22
3649,30
3650,33
3651,29
3652,19
3653,23
3654,38
3655,3
3656,15
3657,4
3658,11
3659,26
3660,9
3661,4
3662,18
3663,33
3664,24
3665,11
3666,37
3667,17
3668,16
3669,19
3670,7
3671,10
3672,0
3673,28
3674,11
3675,24
3676,8
3677,24
3678,31
3679,18
3680,29
3681,38
3682,3
3683,24
3684,2
3685,4
3686,10
3687,24
3688,26
3689,14
3690,10
3691,5
3692,28
3693,10
3694,5
3695,17
3696,3
3697,21
3698,32
3699,30
3700,24
3701,37
3702,4
3703,5
3704,1
3705,35
3706,3
3707,36
3708,25
3709,39
3710,16
3711,5
3712,1
3713,39
3714,13
3715,0
3716,6
3717,24
3718,32
3719,33
3720,33
3721,30
3722,9
3723,32
3724,31
3725,32
3726,12
3727,2
3728,16
3729,38
3730,11
3731,16
3732,13
3733,31
3734,22
3735,9
3736,10
3737,3
3738,0
3739,23
3740,21
3741,3
3742,7
3743,2
3744,9
3745,19
3746,12
3747,22
3748,5
3749,9
3750,34
3751,18
3752,3
3753,4
3754,19
3755,16
3756,8
3757,5
3758,0
3759,8
3760,23
3761,28
3762,17
3763,14
3764,5
3765,10
3766,32
3767,30
3768,38
3769,4
3770,1
3771,5
3772,7
3773,37
3774,18
3775,31
3776,3
3777,33
3778,11
3779,0
3780,2
3781,32
3782,37
3783,22
3784,5
3785,5
3786,2
3787,32
3788,23
3789,18
3790,13
3791,7
3792,34
3793,38
3794,9
3795,37
3796,3
3797,16
3798,27
3799,21
3800,14
3801,2
3802,15
3803,15
3804,32
3805,31
3806,22
3807,20
3808,8
3809,10
3810,6
3811,6
3812,35
3813,5
3814,10
3815,27
3816,8
3817,26
3818,21
3819,23
3820,21
3821,4
3822,35
3823,18
3824,31
3825,38
3826,13
3827,0
3828,20
3829,0
3830,18
3831,23
3832,39
3833,28
3834,24
3835,35
3836,5
3837,9
3838,27
3839,22
3840,17
3841,31
3842,20
3843,27
3844,34
3845,6
3846,37
3847,18
3848,31
3849,11
3850,13
3851,32
3852,16
3853,24
3854,6
3855,30
3856,29
3857,8
3858,32
3859,27
3860,37
3861,37
3862,19
3863,0
3864,18
3865,34
3866,21
3867,15
3868,28
3869,21
3870,11
3871,38
3872,13
3873,8
3874,25
3875,18
3876,24
3877,35
3878,10
3879,32
3880,36
3881,14
3882,12
3883,27
3884,23
3885,24
3886,39
3887,18
3888,34
3889,4
3890,22
3891,7
3892,14
3893,29
3894,16
3895,33
3896,20
3897,25
3898,32
3899,38
3900,8
3901,21
3902,32
3903,7
3904,26
3905,21
3906,38
3907,18
3908,29
3909,35
3910,0
3911,34
3912,27
3913,14
3914,5
3915,23
3916,8
3917,23
3918,20
3919,36
3920,23
3921,38
3922,20
3923,34
3924,34
3925,15
3926,19
3927,21
3928,2
3929,23
3930,11
3931,0
3932,6
3933,32
3934,11
3935,32
3936,32
3937,4
3938,34
3939,29
3940,3
3941,1
3942,25
3943,27
3944,3
3945,26
3946,5
3947,6
3948,29
3949,10
3950,4
3951,16
3952,3
3953,6
3954,8
3955,2
3956,31
3957,11
3958,7
3959,37
3960,2
3961,16
3962,15
3963,9
3964,4
3965,4
3966,9
3967,39
3968,0
3969,33
3970,15
3971,39
3972,9
3973,23
3974,23
3975,14
3976,2
3977,6
3978,26
3979,6
3980,11
3981,8
3982,25
3983,3
3984,36
3985,24
3986,8
3987,28
3988,22
3989,36
3990,34
3991,35
3992,0
3993,22
3994,5
3995,5
3996,32
3997,28
3998,33
3999,16
4000,29
4001,36
4002,32
4003,36
4004,10
4005,18
4006,24
4007,21
4008,0
4009,30
4010,25
4011,4
4012,20
4013,1
4014,38
4015,4
4016,10
4017,24
4018,2
4019,7
4020,25
4021,12
4022,19
4023,37
4024,12
4025,14
4026,4
4027,13
4028,33
4029,24
4030,16
4031,39
4032,10
4033,1
4034,8
4035,37
4036,37
4037,26
4038,23
4039,24
4040,28
4041,0
4042,3
4043,34
4044,2
4045,31
4046,7
4047,36
4048,29
4049,23
4050,1
4051,6
4052,0
4053,26
4054,24
4055,16
4056,5
4057,9
4058,39
4059,28
4060,13
4061,8
4062,2
4063,16
4064,24
4065,4
4066,7
4067,27
4068,38
4069,23
4070,8
4071,15
4072,6
4073,6
4074,10
4075,23
4076,16
4077,13
4078,32
4079,34
4080,1
4081,2
4082,3
4083,30
4084,30
4085,12
4086,38
4087,38
4088,29
4089,6
4090,0
4091,14
4092,11
4093,28
4094,3
4095,38
4096,38
4097,36
4098,31
4099,30
4100,13
4101,37
4102,24
4103,6
4104,7
4105,1
4106,36
4107,24
4108,16
4109,34
4110,9
4111,4
4112,13
4113,32
4114,3
4115,5
4116,33
4117,1
4118,31
4119,28
4120,8
4121,35
4122,22
4123,21
4124,4
4125,6
4126,0
4127,10
4128,29
4129,15
4130,10
4131,21
4132,17
4133,38
4134,29
4135,12
4136,39
4137,15
4138,1
4139,12
4140,14
4141,34
4142,35
4143,39
4144,11
4145,5
4146,17
4147,38
4148,0
4149,0
4150,35
4151,12
4152,21
4153,1
4154,14
4155,38
4156,32
4157,18
4158,1
4159,33
4160,18
4161,27
4162,19
4163,39
4164,31
4165,28
4166,5
4167,17
4168,28
4169,1
4170,7
4171,3
4172,27
4173,8
4174,21
4175,11
4176,7
4177,23
4178,19
4179,27
4180,37
4181,31
4182,32
4183,23
4184,38
4185,12
4186,28
4187,24
4188,6
4189,37
4190,24
4191,12
4192,36
4193,13
4194,11
4195,15
4196,13
4197,12
4198,21
4199,34
4200,9
4201,31
4202,21
4203,35
4204,12
4205,18
4206,39
4207,33
4208,14
4209,12
4210,19
4211,35
4212,5
4213,4
4214,36
4215,12
4216,30
4217,25
4218,26
4219,4
4220,11
4221,16
4222,9
4223,2
4224,1
4225,14
4226,24
4227,25
4228,4
4229,36
4230,18
4231,5
4232,22
4233,14
4234,33
4235,15
4236,7
4237,8
4238,0
4239,19
4240,11
4241,33
4242,12
4243,9
4244,13
4245,9
4246,7
4247,29
4248,16
4249,33
4250,1
4251,17
4252,6
4253,16
4254,1
4255,31
4256,23
4257,24
4258,16
4259,28
4260,9
4261,39
4262,7
4263,38
4264,27
4265,0
4266,29
4267,26
4268,19
4269,29
4270,15
4271,36
4272,14
4273,21
4274,24
4275,25
4276,13
4277,19
4278,35
4279,37
4280,4
4281,5
4282,0
4283,13
4284,21
4285,19
4286,27
4287,10
4288,31
4289,37
4290,37
4291,8
4292,5
4293,9
4294,39
4295,16
4296,29
4297,21
4298,30
4299,24
4300,26
4301,3
4302,34
4303,30
4304,8
4305,15
4306,16
4307,26
4308,2
4309,37
4310,28
4311,13
4312,5
4313,35
4314,22
4315,17
4316,13
4317,25
4318,31
4319,20
4320,39
4321,6
4322,35
4323,10
4324,3
4325,5
4326,26
4327,9
4328,3
4329,5
4330,12
4331,18
4332,5
4333,12
4334,3
4335,29
4336,37
4337,25
4338,3
4339,4
4340,10
4341,18
4342,8
4343,7
4344,27
4345,2
4346,8
4347,31
4348,16
4349,38
4350,33
4351,31
4352,27
4353,17
4354,3
4355,12
4356,19
4357,17
4358,0
4359,1
4360,9
4361,14
4362,26
4363,3
4364,36
4365,1
4366,11
4367,7
4368,20
4369,37
4370,17
4371,25
4372,17
4373,0
4374,19
4375,6
4376,30
4377,1
4378,16
4379,29
4380,12
4381,18
4382,14
4383,14
4384,37
4385,5
4386,33
4387,11
4388,31
4389,25
4390,24
4391,30
4392,29
4393,26
4394,29
4395,33
4396,11
4397,37
4398,10
4399,28
4400,12
4401,4
4402,21
4403,37
4404,20
4405,30
4406,19
4407,24
4408,4
4409,16
4410,6
4411,13
4412,35
4413,33
4414,26
4415,0
4416,10
4417,39
4418,5
4419,1
4420,17
4421,38
4422,23
4423,27
4424,35
4425,23
4426,27
4427,4
4428,18
4429,36
4430,10
4431,5
4432,31
4433,38
4434,22
4435,11
4436,10
4437,28
4438,27
4439,25
4440,33
4441,13
4442,21
4443,17
4444,26
4445,36
4446,12
4447,15
4448,39
4449,24
4450,23
4451,17
4452,16
4453,25
4454,8
4455,38
4456,24
4457,23
4458,36
4459,5
4460,28
4461,30
4462,29
4463,39
4464,11
4465,24
4466,12
4467,17
4468,34
4469,35
4470,5
4471,16
4472,2
4473,8
4474,9
4475,7
4476,13
4477,6
4478,6
4479,5
4480,23
4481,11
4482,7
4483,33
4484,29
4485,9
4486,30
4487,1
4488,33
4489,25
4490,3
4491,12
4492,37
4493,19
4494,39
4495,27
4496,30
4497,37
4498,32
4499,17
4500,36
4501,20
4502,36
4503,38
4504,23
4505,10
4506,5
4507,24
4508,21
4509,29
4510,0
4511,37
4512,1
4513,8
4514,10
4515,5
4516,34
4517,33
4518,34
4519,22
4520,18
4521,6
4522,2
4523,25
4524,36
4525,20
4526,38
4527,9
4528,3
4529,6
4530,24
4531,35
4532,20
4533,7
4534,10
4535,2
4536,13
4537,17
4538,4
4539,18
4540,15
4541,18
4542,29
4543,2
4544,34
4545,30
4546,3
4547,4
4548,18
4549,34
4550,39
4551,3
4552,5
4553,28
4554,7
4555,21
4556,31
4557,7
4558,32
4559,31
4560,28
4561,18
4562,1
4563,9
4564,18
4565,7
4566,4
4567,10
4568,16
4569,18
4570,26
4571,32
4572,13
4573,9
4574,18
4575,29
4576,11
4577,12
4578,4
4579,27
4580,0
4581,33
4582,3
4583,2
4584,25
4585,38
4586,33
4587,39
4588,20
4589,0
4590,30
4591,32
4592,38
4593,11
4594,9
4595,29
4596,10
4597,31
4598,8
4599,17
4600,13
4601,37
4602,32
4603,30
4604,38
4605,38
4606,13
4607,22
4608,13
4609,2
4610,8
4611,1
4612,1
4613,29
4614,10
4615,19
4616,13
4617,28
4618,13
4619,12
4620,13
4621,35
4622,2
4623,8
4624,20
4625,10
4626,34
4627,7
4628,34
4629,9
4630,5
4631,33
4632,2
4633,14
4634,5
4635,11
4636,7
4637,31
4638,10
4639,28
4640,25
4641,18
4642,0
4643,33
4644,33
4645,33
4646,0
4647,20
4648,10
4649,6
4650,13
4651,12
4652,10
4653,4
4654,14
4655,32
4656,27
4657,20
4658,22
4659,11
4660,18
4661,12
4662,33
4663,12
4664,39
4665,0
4666,28
4667,38
4668,4
4669,2
4670,8
4671,32
4672,33
4673,37
4674,10
4675,7
4676,16
4677,1
4678,7
4679,33
4680,21
4681,33
4682,18
4683,21
4684,34
4685,33
4686,27
4687,15
4688,23
4689,34
4690,1
4691,37
4692,25
4693,15
4694,28
4695,0
4696,17
4697,39
4698,3
4699,7
4700,16
4701,10
4702,7
4703,12
4704,10
4705,32
4706,2
4707,35
4708,30
4709,12
4710,2
4711,16
4712,39
4713,22
4714,1
4715,17
4716,11
4717,28
4718,27
4719,32
4720,28
4721,35
4722,20
4723,3
4724,4
4725,16
4726,1
4727,0
4728,17
4729,13
4730,22
4731,2
4732,34
4733,5
4734,26
4735,17
4736,32
4737,31
4738,17
4739,30
4740,8
4741,26
4742,15
4743,0
4744,5
4745,9
4746,10
4747,16
4748,26
4749,22
4750,10
4751,13
4752,0
4753,6
4754,32
4755,18
4756,23
4757,27
4758,27
4759,7
4760,21
4761,7
4762,10
4763,28
4764,11
4765,20
4766,13
4767,39
4768,28
4769,5
4770,7
4771,8
4772,0
4773,33
4774,34
4775,11
4776,12
4777,9
4778,39
4779,17
4780,20
4781,8
4782,16
4783,5
4784,11
4785,11
4786,2
4787,22
4788,29
4789,0
4790,28
4791,4
4792,14
4793,7
4794,34
4795,33
4796,2
4797,22
4798,8
4799,1
4800,32
4801,18
4802,33
4803,36
4804,8
4805,29
4806,37
4807,27
4808,4
4809,38
4810,31
4811,1
4812,35
4813,1
4814,0
4815,34
4816,25
4817,19
4818,15
4819,30
4820,11
4821,24
4822,22
4823,17
4824,5
4825,10
4826,2
4827,18
4828,19
4829,2
4830,33
4831,3
4832,17
4833,33
4834,2
4835,4
4836,11
4837,11
4838,28
4839,11
4840,34
4841,36
4842,23
4843,21
4844,9
4845,1
4846,32
4847,30
4848,1
4849,17
4850,6
4851,3
4852,18
4853,23
4854,24
4855,16
4856,28
4857,8
4858,13
4859,29
4860,29
4861,39
4862,8
4863,9
4864,9
4865,11
4866,27
4867,7
4868,31
4869,13
4870,0
4871,17
4872,9
4873,38
4874,29
4875,25
4876,37
4877,10
4878,24
4879,5
4880,35
